window,n,started_before,ended_differently,ended_after,mean,median,stdDev,var,minimum,maximum
0.0,5728.0,57.0,3351.0,254.0,422.5215959179469,100.84952999999999,1266.609387236923,1604299.3398366936,14.172527,25860.682557
1.0,6390.0,74.0,4689.0,440.0,573.4302737397496,159.889367,1784.0227031053457,3182737.0051953043,16.243804,36980.523686
