window,n,started_before,ended_differently,ended_after,mean,median,stdDev,var,minimum,maximum
0.0,12191.0,58.0,8040.0,501.0,574.7223929002544,133.462535,2203.28264446036,4854454.411380237,14.172527,57344.961451
