window,n,started_before,ended_differently,ended_after,mean,median,stdDev,var,minimum,maximum
0.0,2923.0,48.0,1754.0,185.0,387.6178399548409,95.660697,1143.921009630467,1308555.2762739873,14.172527,16243.729588
1.0,2756.0,58.0,1597.0,196.0,367.1442366959362,101.13743600000001,991.4705208811896,983013.7937764175,15.563271,16237.007299
2.0,3397.0,70.0,2611.0,269.0,425.4210575083897,151.018347,954.917769759781,911867.9470029941,16.243804,14333.154393
3.0,2919.0,78.0,2078.0,356.0,524.5585855635492,164.43717,1319.1903812805722,1740263.2620631813,18.753895,17397.116719
