window,n,started_before,ended_differently,ended_after,mean,median,stdDev,var,minimum,maximum
0.0,3785.0,52.0,2194.0,199.0,398.8614664422721,93.869782,1174.1284856298712,1378577.7007674947,14.172527,16243.729588
1.0,4007.0,59.0,2787.0,351.0,448.89521825081107,128.373127,1236.151548934255,1528070.6519325578,16.243804,17910.201092
2.0,4227.0,119.0,3059.0,366.0,516.3815901831085,164.273343,1306.3872235901945,1706647.5779596968,18.158254,17397.116719
