window,n,started_before,ended_differently,ended_after,mean,median,stdDev,var,minimum,maximum
0.0,1655.0,39.0,1189.0,146.0,287.61687520725076,100.770175,604.2492723608726,365117.183148644,14.172527,6888.934206
1.0,1226.0,51.0,565.0,139.0,319.8825282805873,78.551184,791.2520322675282,626079.7785674935,15.550062,7290.963717
2.0,1300.0,51.0,724.0,159.0,277.86446564923074,84.40714750000001,651.5670476861259,424539.61763041426,15.563271,9344.027891
3.0,1402.0,61.0,873.0,164.0,334.5343598559201,110.621257,725.8253443677233,526822.4305265242,16.591743,7393.476094
4.0,1492.0,59.0,1181.0,256.0,335.94970028820376,124.854987,677.2387051347922,458652.26373265,16.243804,8561.441359
5.0,1838.0,78.0,1430.0,188.0,399.16979839227423,163.4446475,802.7721445554093,644443.116074091,18.158254,7704.999329
6.0,1360.0,69.0,948.0,229.0,334.38780890220585,132.2766825,592.9671423686046,351610.031928789,18.753895,5177.867621
7.0,1484.0,84.0,1130.0,286.0,468.3806215923181,180.27779049999998,901.454630926697,812620.4516191875,25.362646,9418.142585
