window,n,started_before,ended_differently,ended_after,mean,median,stdDev,var,minimum,maximum
0.0,53821.0,6221.0,74195.0,62588.0,936.5747811329965,245.739964,1358.501734817955,1845526.963503393,14.172521,13976.208841
1.0,37614.0,12642.0,101313.0,60529.0,2334.1400428267402,480.133353,3004.199298446671,9025213.424787471,15.550056,10050.437768
2.0,75409.0,8362.0,124807.0,78838.0,1157.0166826743227,600.87597,2010.5979139151075,4042503.9714397816,16.494557,13982.122155
3.0,65127.0,5801.0,175635.0,100336.0,774.2057953396594,395.397016,1172.456339355529,1374653.8676949674,16.243798,11795.190127
4.0,75816.0,6120.0,173204.0,96490.0,694.0675679052575,333.88768500000003,1078.7049646506987,1163604.4007620653,18.158248,13939.83561
5.0,149387.0,10974.0,1666842.0,106446.0,900.1940587123044,286.995688,1335.0320617834948,1782310.6059898892,18.942836,11874.564269
